--
-- PostgreSQL database dump
--

-- Dumped from database version 11.5 (Raspbian 11.5-1+deb10u1)
-- Dumped by pg_dump version 11.5 (Raspbian 11.5-1+deb10u1)

SET statement_timeout = 0;
SET lock_timeout = 0;
SET idle_in_transaction_session_timeout = 0;
SET client_encoding = 'UTF8';
SET standard_conforming_strings = on;
SELECT pg_catalog.set_config('search_path', '', false);
SET check_function_bodies = false;
SET xmloption = content;
SET client_min_messages = warning;
SET row_security = off;

--
-- Name: planning_type; Type: TYPE; Schema: public; Owner: catalyst
--

CREATE TYPE public.planning_type AS ENUM (
    'regulateur',
    'mobile',
    'mmg'
);


ALTER TYPE public.planning_type OWNER TO catalyst;

--
-- Name: user_role; Type: TYPE; Schema: public; Owner: catalyst
--

CREATE TYPE public.user_role AS ENUM (
    'admin',
    'user'
);


ALTER TYPE public.user_role OWNER TO catalyst;

SET default_tablespace = '';

SET default_with_oids = false;

--
-- Name: creneau; Type: TABLE; Schema: public; Owner: catalyst
--

CREATE TABLE public.creneau (
    creneau_id integer NOT NULL,
    creneau_planning_id integer NOT NULL,
    creneau_type character varying(256) NOT NULL,
    creneau_start_datetime timestamp without time zone NOT NULL,
    creneau_end_datetime timestamp without time zone NOT NULL,
    creneau_nbpersonnes integer NOT NULL
);


ALTER TABLE public.creneau OWNER TO catalyst;

--
-- Name: creneau_creneau_id_seq; Type: SEQUENCE; Schema: public; Owner: catalyst
--

CREATE SEQUENCE public.creneau_creneau_id_seq
    AS integer
    START WITH 1
    INCREMENT BY 1
    NO MINVALUE
    NO MAXVALUE
    CACHE 1;


ALTER TABLE public.creneau_creneau_id_seq OWNER TO catalyst;

--
-- Name: creneau_creneau_id_seq; Type: SEQUENCE OWNED BY; Schema: public; Owner: catalyst
--

ALTER SEQUENCE public.creneau_creneau_id_seq OWNED BY public.creneau.creneau_id;


--
-- Name: infoplanning; Type: TABLE; Schema: public; Owner: catalyst
--

CREATE TABLE public.infoplanning (
    infoplanning_id integer NOT NULL,
    infoplanning_utilisateur_id integer NOT NULL,
    infoplanning_planning_id integer NOT NULL,
    infoplanning_souhait_jour integer,
    infoplanning_souhait_nuit integer,
    infoplanning_souhait_soiree integer,
    infoplanning_souhait_nuitcourte integer,
    infoplanning_start_vacances date,
    infoplanning_end_vacances date
);


ALTER TABLE public.infoplanning OWNER TO catalyst;

--
-- Name: infoplanning_infoplanning_id_seq; Type: SEQUENCE; Schema: public; Owner: catalyst
--

CREATE SEQUENCE public.infoplanning_infoplanning_id_seq
    AS integer
    START WITH 1
    INCREMENT BY 1
    NO MINVALUE
    NO MAXVALUE
    CACHE 1;


ALTER TABLE public.infoplanning_infoplanning_id_seq OWNER TO catalyst;

--
-- Name: infoplanning_infoplanning_id_seq; Type: SEQUENCE OWNED BY; Schema: public; Owner: catalyst
--

ALTER SEQUENCE public.infoplanning_infoplanning_id_seq OWNED BY public.infoplanning.infoplanning_id;


--
-- Name: participeplanning; Type: TABLE; Schema: public; Owner: catalyst
--

CREATE TABLE public.participeplanning (
    participeplanning_utilisateur_id integer NOT NULL,
    participeplanning_planning_id integer NOT NULL
);


ALTER TABLE public.participeplanning OWNER TO catalyst;

--
-- Name: planning; Type: TABLE; Schema: public; Owner: catalyst
--

CREATE TABLE public.planning (
    planning_id integer NOT NULL,
    planning_type public.planning_type NOT NULL,
    planning_start_date date NOT NULL,
    planning_end_date date NOT NULL
);


ALTER TABLE public.planning OWNER TO catalyst;

--
-- Name: planning_planning_id_seq; Type: SEQUENCE; Schema: public; Owner: catalyst
--

CREATE SEQUENCE public.planning_planning_id_seq
    AS integer
    START WITH 1
    INCREMENT BY 1
    NO MINVALUE
    NO MAXVALUE
    CACHE 1;


ALTER TABLE public.planning_planning_id_seq OWNER TO catalyst;

--
-- Name: planning_planning_id_seq; Type: SEQUENCE OWNED BY; Schema: public; Owner: catalyst
--

ALTER SEQUENCE public.planning_planning_id_seq OWNED BY public.planning.planning_id;


--
-- Name: remplicreneau; Type: TABLE; Schema: public; Owner: catalyst
--

CREATE TABLE public.remplicreneau (
    remplicreneau_utilisateur_id integer NOT NULL,
    remplicreneau_creneau_id integer NOT NULL
);


ALTER TABLE public.remplicreneau OWNER TO catalyst;

--
-- Name: utilisateur; Type: TABLE; Schema: public; Owner: catalyst
--

CREATE TABLE public.utilisateur (
    utilisateur_id integer NOT NULL,
    utilisateur_role public.user_role NOT NULL,
    utilisateur_auth text NOT NULL,
    utilisateur_password text NOT NULL,
    utilisateur_nom character varying(60) NOT NULL,
    utilisateur_prenom character varying(60) NOT NULL,
    utilisateur_mail character varying(60),
    utilisateur_phone character varying(60)
);


ALTER TABLE public.utilisateur OWNER TO catalyst;

--
-- Name: utilisateur_utilisateur_id_seq; Type: SEQUENCE; Schema: public; Owner: catalyst
--

CREATE SEQUENCE public.utilisateur_utilisateur_id_seq
    AS integer
    START WITH 1
    INCREMENT BY 1
    NO MINVALUE
    NO MAXVALUE
    CACHE 1;


ALTER TABLE public.utilisateur_utilisateur_id_seq OWNER TO catalyst;

--
-- Name: utilisateur_utilisateur_id_seq; Type: SEQUENCE OWNED BY; Schema: public; Owner: catalyst
--

ALTER SEQUENCE public.utilisateur_utilisateur_id_seq OWNED BY public.utilisateur.utilisateur_id;


--
-- Name: creneau creneau_id; Type: DEFAULT; Schema: public; Owner: catalyst
--

ALTER TABLE ONLY public.creneau ALTER COLUMN creneau_id SET DEFAULT nextval('public.creneau_creneau_id_seq'::regclass);


--
-- Name: infoplanning infoplanning_id; Type: DEFAULT; Schema: public; Owner: catalyst
--

ALTER TABLE ONLY public.infoplanning ALTER COLUMN infoplanning_id SET DEFAULT nextval('public.infoplanning_infoplanning_id_seq'::regclass);


--
-- Name: planning planning_id; Type: DEFAULT; Schema: public; Owner: catalyst
--

ALTER TABLE ONLY public.planning ALTER COLUMN planning_id SET DEFAULT nextval('public.planning_planning_id_seq'::regclass);


--
-- Name: utilisateur utilisateur_id; Type: DEFAULT; Schema: public; Owner: catalyst
--

ALTER TABLE ONLY public.utilisateur ALTER COLUMN utilisateur_id SET DEFAULT nextval('public.utilisateur_utilisateur_id_seq'::regclass);


--
-- Data for Name: creneau; Type: TABLE DATA; Schema: public; Owner: catalyst
--

COPY public.creneau (creneau_id, creneau_planning_id, creneau_type, creneau_start_datetime, creneau_end_datetime, creneau_nbpersonnes) FROM stdin;
1	1	jour	2020-03-02 08:00:00	2020-03-02 18:00:00	2
2	1	nuit	2020-03-02 20:00:00	2020-03-03 06:00:00	2
3	1	jour	2020-03-03 08:00:00	2020-03-03 18:00:00	2
4	1	nuit	2020-03-03 18:00:00	2020-03-03 23:00:00	1
5	2	jour	2020-03-10 08:00:00	2020-03-10 18:00:00	2
6	2	jour	2020-03-10 18:00:00	2020-03-11 00:00:00	1
7	2	jour	2020-03-11 08:00:00	2020-03-11 16:00:00	2
8	2	jour	2020-03-11 20:00:00	2020-03-12 08:00:00	2
129	14	creneau	2020-05-01 20:00:00	2020-05-02 08:00:00	2
130	14	creneau	2020-05-02 08:00:00	2020-05-02 20:00:00	2
131	14	creneau	2020-05-02 20:00:00	2020-05-03 08:00:00	2
132	14	creneau	2020-05-03 08:00:00	2020-05-03 20:00:00	2
133	14	creneau	2020-05-03 20:00:00	2020-05-04 08:00:00	2
134	14	creneau	2020-05-04 20:00:00	2020-05-05 08:00:00	2
135	14	creneau	2020-05-05 20:00:00	2020-05-06 08:00:00	2
136	14	creneau	2020-05-06 20:00:00	2020-05-07 08:00:00	2
137	14	creneau	2020-05-07 20:00:00	2020-05-08 08:00:00	2
138	14	creneau	2020-05-08 20:00:00	2020-05-09 08:00:00	2
139	14	creneau	2020-05-09 08:00:00	2020-05-09 20:00:00	2
140	14	creneau	2020-05-09 20:00:00	2020-05-10 08:00:00	2
141	14	creneau	2020-05-10 08:00:00	2020-05-10 20:00:00	2
142	14	creneau	2020-05-10 20:00:00	2020-05-11 08:00:00	2
143	14	creneau	2020-05-11 20:00:00	2020-05-12 08:00:00	2
144	14	creneau	2020-05-12 20:00:00	2020-05-13 08:00:00	2
145	14	creneau	2020-05-13 20:00:00	2020-05-14 08:00:00	2
146	14	creneau	2020-05-14 20:00:00	2020-05-15 08:00:00	2
147	14	creneau	2020-05-15 20:00:00	2020-05-16 08:00:00	2
148	14	creneau	2020-05-16 08:00:00	2020-05-16 20:00:00	2
149	14	creneau	2020-05-16 20:00:00	2020-05-17 08:00:00	2
150	14	creneau	2020-05-17 08:00:00	2020-05-17 20:00:00	2
151	14	creneau	2020-05-17 20:00:00	2020-05-18 08:00:00	2
152	14	creneau	2020-05-18 20:00:00	2020-05-19 08:00:00	2
153	14	creneau	2020-05-19 20:00:00	2020-05-20 08:00:00	2
154	14	creneau	2020-05-20 20:00:00	2020-05-21 08:00:00	2
155	14	creneau	2020-05-21 20:00:00	2020-05-22 08:00:00	2
156	14	creneau	2020-05-22 20:00:00	2020-05-23 08:00:00	2
157	14	creneau	2020-05-23 08:00:00	2020-05-23 20:00:00	2
158	14	creneau	2020-05-23 20:00:00	2020-05-24 08:00:00	2
159	14	creneau	2020-05-24 08:00:00	2020-05-24 20:00:00	2
160	14	creneau	2020-05-24 20:00:00	2020-05-25 08:00:00	2
161	14	creneau	2020-05-25 20:00:00	2020-05-26 08:00:00	2
162	14	creneau	2020-05-26 20:00:00	2020-05-27 08:00:00	2
163	14	creneau	2020-05-27 20:00:00	2020-05-28 08:00:00	2
164	14	creneau	2020-05-28 20:00:00	2020-05-29 08:00:00	2
165	14	creneau	2020-05-29 20:00:00	2020-05-30 08:00:00	2
166	14	creneau	2020-05-30 08:00:00	2020-05-30 20:00:00	2
167	14	creneau	2020-05-30 20:00:00	2020-05-31 08:00:00	2
168	14	creneau	2020-05-31 08:00:00	2020-05-31 20:00:00	2
169	14	creneau	2020-05-31 20:00:00	2020-06-01 08:00:00	2
170	14	creneau	2020-06-01 20:00:00	2020-06-02 08:00:00	2
90	13	creneau	2020-04-01 20:00:00	2020-04-02 08:00:00	2
91	13	creneau	2020-04-02 20:00:00	2020-04-03 08:00:00	2
92	13	creneau	2020-04-03 20:00:00	2020-04-04 08:00:00	2
93	13	creneau	2020-04-04 08:00:00	2020-04-04 20:00:00	2
94	13	creneau	2020-04-04 20:00:00	2020-04-05 08:00:00	2
95	13	creneau	2020-04-05 08:00:00	2020-04-05 20:00:00	2
96	13	creneau	2020-04-05 20:00:00	2020-04-06 08:00:00	2
97	13	creneau	2020-04-06 20:00:00	2020-04-07 08:00:00	2
98	13	creneau	2020-04-07 20:00:00	2020-04-08 08:00:00	2
99	13	creneau	2020-04-08 20:00:00	2020-04-09 08:00:00	2
100	13	creneau	2020-04-09 20:00:00	2020-04-10 08:00:00	2
101	13	creneau	2020-04-10 20:00:00	2020-04-11 08:00:00	2
102	13	creneau	2020-04-11 08:00:00	2020-04-11 20:00:00	2
103	13	creneau	2020-04-11 20:00:00	2020-04-12 08:00:00	2
104	13	creneau	2020-04-12 08:00:00	2020-04-12 20:00:00	2
105	13	creneau	2020-04-12 20:00:00	2020-04-13 08:00:00	2
106	13	creneau	2020-04-13 20:00:00	2020-04-14 08:00:00	2
107	13	creneau	2020-04-14 20:00:00	2020-04-15 08:00:00	2
108	13	creneau	2020-04-15 20:00:00	2020-04-16 08:00:00	2
109	13	creneau	2020-04-16 20:00:00	2020-04-17 08:00:00	2
110	13	creneau	2020-04-17 20:00:00	2020-04-18 08:00:00	2
111	13	creneau	2020-04-18 08:00:00	2020-04-18 20:00:00	2
112	13	creneau	2020-04-18 20:00:00	2020-04-19 08:00:00	2
113	13	creneau	2020-04-19 08:00:00	2020-04-19 20:00:00	2
114	13	creneau	2020-04-19 20:00:00	2020-04-20 08:00:00	2
115	13	creneau	2020-04-20 20:00:00	2020-04-21 08:00:00	2
116	13	creneau	2020-04-21 20:00:00	2020-04-22 08:00:00	2
117	13	creneau	2020-04-22 20:00:00	2020-04-23 08:00:00	2
118	13	creneau	2020-04-23 20:00:00	2020-04-24 08:00:00	2
119	13	creneau	2020-04-24 20:00:00	2020-04-25 08:00:00	2
120	13	creneau	2020-04-25 08:00:00	2020-04-25 20:00:00	2
121	13	creneau	2020-04-25 20:00:00	2020-04-26 08:00:00	2
122	13	creneau	2020-04-26 08:00:00	2020-04-26 20:00:00	2
123	13	creneau	2020-04-26 20:00:00	2020-04-27 08:00:00	2
124	13	creneau	2020-04-27 20:00:00	2020-04-28 08:00:00	2
125	13	creneau	2020-04-28 20:00:00	2020-04-29 08:00:00	2
126	13	creneau	2020-04-29 20:00:00	2020-04-30 08:00:00	2
127	13	creneau	2020-04-30 20:00:00	2020-05-01 08:00:00	2
128	13	creneau	2020-05-01 20:00:00	2020-05-02 08:00:00	2
\.


--
-- Data for Name: infoplanning; Type: TABLE DATA; Schema: public; Owner: catalyst
--

COPY public.infoplanning (infoplanning_id, infoplanning_utilisateur_id, infoplanning_planning_id, infoplanning_souhait_jour, infoplanning_souhait_nuit, infoplanning_souhait_soiree, infoplanning_souhait_nuitcourte, infoplanning_start_vacances, infoplanning_end_vacances) FROM stdin;
1	1	1	3	3	0	0	\N	\N
2	2	1	2	0	0	0	\N	\N
3	3	1	1	2	0	0	\N	\N
4	1	2	2	1	0	0	\N	\N
5	2	2	3	0	0	0	\N	\N
6	3	2	0	3	0	0	2020-03-10	2020-03-10
13	1	13	\N	\N	\N	\N	\N	\N
14	2	13	\N	\N	\N	\N	\N	\N
15	3	13	\N	\N	\N	\N	\N	\N
16	1	14	\N	\N	\N	\N	\N	\N
17	2	14	\N	\N	\N	\N	\N	\N
18	3	14	\N	\N	\N	\N	\N	\N
19	4	14	\N	\N	\N	\N	\N	\N
20	5	14	\N	\N	\N	\N	\N	\N
21	6	14	\N	\N	\N	\N	\N	\N
22	7	14	\N	\N	\N	\N	\N	\N
23	8	14	\N	\N	\N	\N	\N	\N
24	9	14	\N	\N	\N	\N	\N	\N
25	10	14	\N	\N	\N	\N	\N	\N
26	11	14	\N	\N	\N	\N	\N	\N
27	12	14	\N	\N	\N	\N	\N	\N
28	13	14	\N	\N	\N	\N	\N	\N
29	14	14	\N	\N	\N	\N	\N	\N
30	15	14	\N	\N	\N	\N	\N	\N
31	16	14	\N	\N	\N	\N	\N	\N
32	17	14	\N	\N	\N	\N	\N	\N
33	18	14	\N	\N	\N	\N	\N	\N
34	19	14	\N	\N	\N	\N	\N	\N
35	20	14	\N	\N	\N	\N	\N	\N
36	21	14	\N	\N	\N	\N	\N	\N
37	22	14	\N	\N	\N	\N	\N	\N
38	23	14	\N	\N	\N	\N	\N	\N
39	24	14	\N	\N	\N	\N	\N	\N
40	25	14	\N	\N	\N	\N	\N	\N
41	26	14	\N	\N	\N	\N	\N	\N
42	27	14	\N	\N	\N	\N	\N	\N
43	28	14	\N	\N	\N	\N	\N	\N
44	29	14	\N	\N	\N	\N	\N	\N
45	30	14	\N	\N	\N	\N	\N	\N
46	31	14	\N	\N	\N	\N	\N	\N
47	32	14	\N	\N	\N	\N	\N	\N
48	33	14	\N	\N	\N	\N	\N	\N
49	34	14	\N	\N	\N	\N	\N	\N
50	35	14	\N	\N	\N	\N	\N	\N
51	36	14	\N	\N	\N	\N	\N	\N
52	37	14	\N	\N	\N	\N	\N	\N
53	38	14	\N	\N	\N	\N	\N	\N
\.


--
-- Data for Name: participeplanning; Type: TABLE DATA; Schema: public; Owner: catalyst
--

COPY public.participeplanning (participeplanning_utilisateur_id, participeplanning_planning_id) FROM stdin;
1	1
2	1
3	1
1	2
2	2
3	2
1	13
2	13
3	13
1	14
2	14
3	14
4	14
5	14
6	14
7	14
8	14
9	14
10	14
11	14
12	14
13	14
14	14
15	14
16	14
17	14
18	14
19	14
20	14
21	14
22	14
23	14
24	14
25	14
26	14
27	14
28	14
29	14
30	14
31	14
32	14
33	14
34	14
35	14
36	14
37	14
38	14
\.


--
-- Data for Name: planning; Type: TABLE DATA; Schema: public; Owner: catalyst
--

COPY public.planning (planning_id, planning_type, planning_start_date, planning_end_date) FROM stdin;
1	regulateur	2020-03-02	2020-03-08
2	regulateur	2020-03-09	2020-03-15
13	regulateur	2020-04-01	2020-05-01
14	regulateur	2020-05-01	2020-06-01
\.


--
-- Data for Name: remplicreneau; Type: TABLE DATA; Schema: public; Owner: catalyst
--

COPY public.remplicreneau (remplicreneau_utilisateur_id, remplicreneau_creneau_id) FROM stdin;
1	1
2	2
3	3
1	4
2	1
3	2
1	3
2	4
3	5
1	6
2	7
3	8
1	5
2	6
3	7
1	8
\.


--
-- Data for Name: utilisateur; Type: TABLE DATA; Schema: public; Owner: catalyst
--

COPY public.utilisateur (utilisateur_id, utilisateur_role, utilisateur_auth, utilisateur_password, utilisateur_nom, utilisateur_prenom, utilisateur_mail, utilisateur_phone) FROM stdin;
1	user	user1	{SSHA}+eRMu8PEFJ/14NXL7gB6nu9cCd8ZLIVF6krIit3ZNoq0RBrhkx0YzQ==	dalton	joe	\N	\N
2	user	user2	{SSHA}GoaFt7ujbtthOEJUG8DTt9nI0QACGFpmEjwuDkyjvtHWMvOkZLILlQ==	luck	lucky	\N	\N
3	user	user3	{SSHA}nnYTjznvgbawCW1qVcpri4kcvS9gpOOYpMeRsi6MpI60fnnFi4GRyw==	plan	rantan	\N	\N
4	user	MFRANCHET	{SSHA}AYZk21plOtTv+kQG/NPPo/r89WQfbPyb+VYl21IaoKzWSUg+dyoWaw==	FRANCHET	Marc\r	franchetmarc@orange.fr	06 09 74 91 37
5	user	CBRUN COTTAN	{SSHA}+kkDuy0lg8d21/Q/OdzxIH7kyUFiD242PcUbF5lj8K73/eLingvHqw==	BRUN COTTAN	Clémence\r	clem.bruncottan@gmail.com	06 89 24 62 16
6	user	LRIVIERE	{SSHA}Zv0EKp1+qvutwGF99FZBNqx9p5zOxM5zT8qWoDxnJBFggH9d4bQTkA==	RIVIERE	Loïc\r	riviere.lo@wanadoo.fr	06 22 57 86 58
7	user	FSTANESE	{SSHA}tqBcRIPK84DUDzph5+B0aoBtlLAuewSDln7oQqb0wXlpCdXJsIk/8Q==	STANESE	Florin\r	fs35@free.fr	06 82 81 28 78
8	user	XBOURGES	{SSHA}3wzl0BLd4HTpd1CYBJxJWDUt0n9qhRsYfZrou55ysI1jl9QEn83Lag==	BOURGES	Xavier\r	xavier.bourges@wanadoo.fr	06 85 41 25 01
9	user	JBRUN	{SSHA}cr6NcoIAG+D95ge9J2yCoZWxUIddoZP8jrJOBGmwdnmLd7qRBOFKTg==	BRUN	Jean François\r	dr.brun@sosmedecinsrennes.fr	06 80 90 37 37
10	user	BLEMARIE	{SSHA}Ny64iQncsPaCSDokoIoYF3GkwpfAc4KpiogOy0X6mP9NKgVNJOHsbg==	LEMARIE	Bruno\r	bruno.lemarie@wanadoo.fr	05 33 78 44 17
11	user	ADAVAINE	{SSHA}aImzCv5rv2K9CsXbHK1jCBWT+076atiqyUViYMtY6nILrqS29htQYQ==	DAVAINE	Alain\r	trabouic35@gmail.com	07 72 24 41 60
12	user	LMARUELLE	{SSHA}8bOdSHa90Y7AXLAXFtf5f8q/ekr1lrctrX6nCW0JsrRp38NNP0KvuQ==	MARUELLE	Laurence\r	docteur-maruelle@wanadoo.fr	06 20 63 52 63
13	user	JGUINET	{SSHA}vWbmYt8XOkw+AtRjdFBgB0wqUqt/cVvr692+iPeTcTP2QQzd9r8eJw==	GUINET	Jean-Michel\r	jmguinet@wanadoo.fr	06 07 82 60 66
14	user	SGRELET	{SSHA}+953dK/C3ktPldRzN9WmGXrgoWYXR9MRf8zJ9QnU5vvX4mNBhLb7rA==	GRELET	Sébastien\r	sebastien_grelet@hotmail.com	06 29 59 77 67
15	user	GDUCHÊNE	{SSHA}aKs7feY45xi3lKKAGbnZtrjNWAcP+hF456e0Ck3UqFVMTa0T5lYwpA==	DUCHÊNE	Gérard\r	duchene.gerard@neuf.fr	06 83 37 47 62
16	user	LORTEGA	{SSHA}NYK/vqDG3W3q/CedVTldc/lEp8oL0AIcO46DVeJTAQzUTMeKwaziPQ==	ORTEGA	Laureano\r	ortega.laureano@gmail.com	06 75 24 83 67
17	user	PMARTIN	{SSHA}/w59LdfGtQ7JQalwQInnXvRtaI3ppoHe8r0KfRNIFvRnVFdSUwPYkA==	MARTIN	Pierre-Yves\r	drmartinpy@icloud.com	06 61 88 02 46
18	user	DJAUNATRE	{SSHA}9Gcc3C6xh8d3OvXDXM/3lwu2a2fH2CVTcWgTGEhvZZQOfuHZIQDJuQ==	JAUNATRE	Denis\r	denjau@aol.com	06 75 23 59 34
19	user	CPATIN	{SSHA}VIyAGyz2QtrLprSERdjxt/Zsyj4qZv53xjYuPSc8bQUcV9184P/zZA==	PATIN	Christian\r	cpatin@wanadoo.fr	06 19 03 80 77
20	user	DPENCOLÉ	{SSHA}NhQ59kDRbKxLKRADJ6wyBklZCO1/vldvrOtsn3We2QD/d1RWYg1cGw==	PENCOLÉ	Daniel\r	sel.neodp@gmail.com	06 29 82 52 66
21	user	SBOURGES	{SSHA}XqDrq1T0jRS1QiFVYZx+fYMHI2C/yRsyZTs538z4egr3372cT4Up3Q==	BOURGES	Servane\r	servane.bourges@wanadoo.fr	06 72 00 40 46
22	user	CCERTAIN	{SSHA}g8b9PFrN4v2gui6j/0UAF5qBGc80QWA+O9fiVmq2JgQ3emX4Q9EGHw==	CERTAIN	Chrystèle\r	certainchrystele@gmail.com	06 07 14 13 03
23	user	FLE GUEN	{SSHA}kVB5FhDYacXM/GitsdrSI5zxQ/jLfivbcyCvc2rNHVm6E4I39NwHow==	LE GUEN	François\r	francois.leguen123@orange.fr	06 61 45 47 22
24	user	BLEMARIE	{SSHA}u0EXJ0dfNPL05d8Jd7bdmm3ffeswhhavgspfGcUN6vDxUMGz+EXZog==	LEMARIE	Bruno\r	bruno.lemarie@wanadoo.fr	06 33 78 44 17
25	user	BBRAU	{SSHA}kYevdAkyRlc0Hq2ph0flHNqas+gf/j8C6UpRREavh0MAMSkAC+xgIw==	BRAU	Bernard\r	bernard.brau@gmail.com	06 74 28 39 92
26	user	EVERDONCK	{SSHA}Ct+I1hMSIO9UckxVxjvl7wFfwlb6KruWFklgpkUjjvfc8NUbvh3XZw==	VERDONCK	Eric\r	doc.verdonck@orange.fr	06 80 22 76 59
27	user	OPAPIN	{SSHA}1ye7H85Knyi8SFOCiJZWVv35SM942oGLDS+14YHuygCz1GalNV45hw==	PAPIN	Olivier\r	oglpapin@hotmail.com	06 81 88 01 16
28	user	PLEBOUC-KERDILES	{SSHA}CQp94+Axl2pQCARtJBHs6lgUfbZDoTfwtcq0S0p/KmUeQ/jWkkfL6g==	LEBOUC-KERDILES	Pascale\r	pascale.lebouc-kerdiles@orange.fr	06 86 71 69 49
29	user	LMORFOISSE-GUINET	{SSHA}xlU12cGRgy8aVXkJQeDaxw0vQpS2uMo38lsBpsAWtNPWvvIO7/3jOw==	MORFOISSE-GUINET	Laurence\r	laurence.morfoisse@gmail.com	06 80 05 91 01
30	user	MBOUDEVILLE	{SSHA}iYCH9VHcQ0pGNHpRCxZrVyTnRAz7ulu7hbGInKaPImIJEdiRF7eiSQ==	BOUDEVILLE	Marion\r	marion.boudeville@orange.fr	6 88 19 79 86
31	user	FCARRE	{SSHA}e31KGd7woAK2xegWIoIh7FoqvncNEtXTRGKxj7QbwNOW8Cz3ssVJww==	CARRE	Florence\r	f.carre35@laposte.net	6 59 23 89 00
32	user	BGUILLOUET	{SSHA}fT2SqQNJXMEDYFKyhw9CXCPyflZph8ok5X22wCM0E3zAS1uLLB0n8g==	GUILLOUET	Bruno\r	guillouet.bruno@wanadoo.fr	6 85 81 42 65
33	user	ADE GUIBERT	{SSHA}NyKCTplgoR5yBxPRImYz13ewI1QV1D2o0PfznneXxYS/PKzUZRkUtQ==	DE GUIBERT	Antoine\r	deguibert.antoine@wanadoo.fr	7 82 45 77 71
34	user	XBOURGES	{SSHA}tDbz+wp2xZcREgfFedeK1qyfddg8pJsX8xKLgDxvvsX7VMLAnAOwBQ==	BOURGES	Xavier\r	xavier.bourges@wanadoo.fr	6 85 41 25 01
35	user	SBOURGES	{SSHA}t3+jEky9riPgw5f14vaw4F1XtNsB0ZYdg5TDNQPmnT3hIalcPO7KDg==	BOURGES	Servane\r	servane.bourges@wanadoo.fr	6 72 00 40 46
36	user	PLEBOUC-KERDILES	{SSHA}kbZVWP7rVwvITe2cZWwS6I6qsLv88p0lXG2vSGq5RevJ8GQVQoJ2hA==	LEBOUC-KERDILES	Pascale\r	pascale.lebouc-kerdiles@orange.fr	6 86 71 69 49
37	user	BLEMARIE	{SSHA}tdXm9IFu139cEIKTg/BF/dzBavlIAB2yY++zZRLSJKvau+YDj0BKSw==	LEMARIE	Bruno\r	bruno.lemarie@wanadoo.fr	6 33 78 44 17
38	user	LMORFOISSE-GUINET	{SSHA}9B271J5wVxpvMC6FvJLmRb508ku/bO/kUKGvFcTMC0jUTSdBFUh1lQ==	MORFOISSE-GUINET	Laurence\r	laurence.morfoisse@gmail.com	5 80 05 91 01
\.


--
-- Name: creneau_creneau_id_seq; Type: SEQUENCE SET; Schema: public; Owner: catalyst
--

SELECT pg_catalog.setval('public.creneau_creneau_id_seq', 170, true);


--
-- Name: infoplanning_infoplanning_id_seq; Type: SEQUENCE SET; Schema: public; Owner: catalyst
--

SELECT pg_catalog.setval('public.infoplanning_infoplanning_id_seq', 53, true);


--
-- Name: planning_planning_id_seq; Type: SEQUENCE SET; Schema: public; Owner: catalyst
--

SELECT pg_catalog.setval('public.planning_planning_id_seq', 14, true);


--
-- Name: utilisateur_utilisateur_id_seq; Type: SEQUENCE SET; Schema: public; Owner: catalyst
--

SELECT pg_catalog.setval('public.utilisateur_utilisateur_id_seq', 38, true);


--
-- Name: creneau creneau_pkey; Type: CONSTRAINT; Schema: public; Owner: catalyst
--

ALTER TABLE ONLY public.creneau
    ADD CONSTRAINT creneau_pkey PRIMARY KEY (creneau_id);


--
-- Name: infoplanning infoplanning_pkey; Type: CONSTRAINT; Schema: public; Owner: catalyst
--

ALTER TABLE ONLY public.infoplanning
    ADD CONSTRAINT infoplanning_pkey PRIMARY KEY (infoplanning_id);


--
-- Name: participeplanning participeplanning_pkey; Type: CONSTRAINT; Schema: public; Owner: catalyst
--

ALTER TABLE ONLY public.participeplanning
    ADD CONSTRAINT participeplanning_pkey PRIMARY KEY (participeplanning_utilisateur_id, participeplanning_planning_id);


--
-- Name: planning planning_pkey; Type: CONSTRAINT; Schema: public; Owner: catalyst
--

ALTER TABLE ONLY public.planning
    ADD CONSTRAINT planning_pkey PRIMARY KEY (planning_id);


--
-- Name: remplicreneau remplicreneau_pkey; Type: CONSTRAINT; Schema: public; Owner: catalyst
--

ALTER TABLE ONLY public.remplicreneau
    ADD CONSTRAINT remplicreneau_pkey PRIMARY KEY (remplicreneau_utilisateur_id, remplicreneau_creneau_id);


--
-- Name: utilisateur utilisateur_pkey; Type: CONSTRAINT; Schema: public; Owner: catalyst
--

ALTER TABLE ONLY public.utilisateur
    ADD CONSTRAINT utilisateur_pkey PRIMARY KEY (utilisateur_id);


--
-- Name: creneau creneau_planning_id_fkey; Type: FK CONSTRAINT; Schema: public; Owner: catalyst
--

ALTER TABLE ONLY public.creneau
    ADD CONSTRAINT creneau_planning_id_fkey FOREIGN KEY (creneau_planning_id) REFERENCES public.planning(planning_id) ON DELETE CASCADE;


--
-- Name: infoplanning infoplanning_planning_id_fkey; Type: FK CONSTRAINT; Schema: public; Owner: catalyst
--

ALTER TABLE ONLY public.infoplanning
    ADD CONSTRAINT infoplanning_planning_id_fkey FOREIGN KEY (infoplanning_planning_id) REFERENCES public.planning(planning_id) ON DELETE CASCADE;


--
-- Name: infoplanning infoplanning_utilisateur_id_fkey; Type: FK CONSTRAINT; Schema: public; Owner: catalyst
--

ALTER TABLE ONLY public.infoplanning
    ADD CONSTRAINT infoplanning_utilisateur_id_fkey FOREIGN KEY (infoplanning_utilisateur_id) REFERENCES public.utilisateur(utilisateur_id) ON DELETE CASCADE;


--
-- Name: participeplanning participeplanning_planning_id_fkey; Type: FK CONSTRAINT; Schema: public; Owner: catalyst
--

ALTER TABLE ONLY public.participeplanning
    ADD CONSTRAINT participeplanning_planning_id_fkey FOREIGN KEY (participeplanning_planning_id) REFERENCES public.planning(planning_id) ON DELETE CASCADE;


--
-- Name: participeplanning participeplanning_utilisateur_id_fkey; Type: FK CONSTRAINT; Schema: public; Owner: catalyst
--

ALTER TABLE ONLY public.participeplanning
    ADD CONSTRAINT participeplanning_utilisateur_id_fkey FOREIGN KEY (participeplanning_utilisateur_id) REFERENCES public.utilisateur(utilisateur_id) ON DELETE CASCADE;


--
-- Name: remplicreneau remplicreneau_creneau_id_fkey; Type: FK CONSTRAINT; Schema: public; Owner: catalyst
--

ALTER TABLE ONLY public.remplicreneau
    ADD CONSTRAINT remplicreneau_creneau_id_fkey FOREIGN KEY (remplicreneau_creneau_id) REFERENCES public.creneau(creneau_id) ON DELETE CASCADE;


--
-- Name: remplicreneau remplicreneau_utilisateur_id_fkey; Type: FK CONSTRAINT; Schema: public; Owner: catalyst
--

ALTER TABLE ONLY public.remplicreneau
    ADD CONSTRAINT remplicreneau_utilisateur_id_fkey FOREIGN KEY (remplicreneau_utilisateur_id) REFERENCES public.utilisateur(utilisateur_id) ON DELETE CASCADE;


--
-- PostgreSQL database dump complete
--

